<?xml version="1.0" encoding="UTF-8"?>
<project-private xmlns="http://www.netbeans.org/ns/project-private/1">
    <editor-bookmarks xmlns="http://www.netbeans.org/ns/editor-bookmarks/2" lastBookmarkId="0"/>
    <open-files xmlns="http://www.netbeans.org/ns/projectui-open-files/2">
        <group>
            <file>file:/C:/xampp/htdocs/office/rakesh/heny_erp/office_admin/includes/trans_prepare_transportbill.inc.php</file>
            <file>file:/C:/xampp/htdocs/office/rakesh/heny_erp/office_admin/includes_test/classes/validation.class.php</file>
            <file>file:/C:/xampp/htdocs/office/rakesh/heny_erp/office_admin/templates/feepayment.tpl.php</file>
            <file>file:/C:/xampp/htdocs/office/rakesh/heny_erp/office_admin/includes/feepayment.inc.php</file>
            <file>file:/C:/xampp/htdocs/office/rakesh/heny_erp/office_admin/includes/fine_management.inc.php</file>
            <file>file:/C:/xampp/htdocs/office/rakesh/heny_erp/office_admin/index.php</file>
            <file>file:/C:/xampp/htdocs/office/rakesh/heny_erp/office_admin/templates/trans_prepare_transportbill.tpl.php</file>
            <file>file:/C:/xampp/htdocs/office/rakesh/heny_erp/office_admin/templates/fine_management.tpl.php</file>
        </group>
    </open-files>
</project-private>
